Designator,Footprint,Quantity,Value,LCSC Part #
"J1_2, J1",PinHeader_1x07_P2.54mm_Vertical,2,In_RGB,
"J2_2, J2",PinHeader_1x05_P2.54mm_Vertical,2,OUT_RGB,
"J3_2, J3",DSUB-15-HD_Female_Horizontal_P2.29x1.98mm_EdgePinOffset3.03mm_Housed_MountingHolesOffset4.94mm,2,VGA,
"R1_2, R1, R2_2, R2, R3_2, R3",R_Axial_DIN0207_L6.3mm_D2.5mm_P7.62mm_Horizontal,6,100,
"R4_2, R4, R5_2, R5, R6_2, R6",R_Axial_DIN0207_L6.3mm_D2.5mm_P7.62mm_Horizontal,6,1k5,
"R7_2, R7",R_Axial_DIN0207_L6.3mm_D2.5mm_P7.62mm_Horizontal,2,2k,
"U1_2, U1",DIP-16_W7.62mm_Socket,2,4050,
"U2_2, U2",DIP-14_W7.62mm_Socket,2,4066,
