Designator,Footprint,Quantity,Value,LCSC Part #
"J1_2, J1",PinHeader_1x07_P2.54mm_Vertical,2,In_RGB,
"J2_2, J2",PinHeader_1x05_P2.54mm_Vertical,2,OUT_RGB,
"J3_2, J3",DSUB-15-HD_Female_Horizontal_P2.29x1.98mm_EdgePinOffset3.03mm_Housed_MountingHolesOffset4.94mm,2,VGA,
"R1_2, R1, R2_2, R2, R3_2, R3",R_0805_2012Metric_Pad1.20x1.40mm_HandSolder,6,100,
"R4_2, R4, R5_2, R5, R7_2, R7",R_0805_2012Metric_Pad1.20x1.40mm_HandSolder,6,1k5,
"R6_2, R6",R_0805_2012Metric_Pad1.20x1.40mm_HandSolder,2,2k,
"U1_2, U1",SMDIP-14_W7.62mm,2,4066,
"U2_2, U2",SMDIP-16_W7.62mm,2,4050,
